V1.V,P(D1)/-P(V1) when R1.R is 95,P(D1)/-P(V1) when R1.R is 100,P(D1)/-P(V1) when R1.R is 105,I(D1.nA) when R1.R is 95,I(D1.nA) when R1.R is 100,I(D1.nA) when R1.R is 105
0,,,,0,0,0
0.01,0.999985801,0.999985053,0.999984306,1.49E-09,1.49E-09,1.49E-09
0.02,0.99998527,0.999984494,0.999983719,3.10E-09,3.10E-09,3.10E-09
0.03,0.999984713,0.999983908,0.999983103,4.83E-09,4.83E-09,4.83E-09
0.04,0.999984127,0.999983292,0.999982457,6.68E-09,6.68E-09,6.68E-09
0.05,0.999983513,0.999982645,0.999981778,8.68E-09,8.68E-09,8.68E-09
0.06,0.999982867,0.999981966,0.999981064,1.08E-08,1.08E-08,1.08E-08
0.07,0.999982189,0.999981251,0.999980314,1.31E-08,1.31E-08,1.31E-08
0.08,0.999981475,0.9999805,0.999979526,1.56E-08,1.56E-08,1.56E-08
0.09,0.999980725,0.999979711,0.999978696,1.83E-08,1.83E-08,1.83E-08
0.1,0.999979936,0.99997888,0.999977824,2.11E-08,2.11E-08,2.11E-08
0.11,0.999979106,0.999978007,0.999976907,2.42E-08,2.42E-08,2.42E-08
0.12,0.999978233,0.999977087,0.999975941,2.75E-08,2.75E-08,2.75E-08
0.13,0.999977313,0.999976119,0.999974925,3.10E-08,3.10E-08,3.10E-08
0.14,0.999976345,0.9999751,0.999973855,3.49E-08,3.49E-08,3.49E-08
0.15,0.999975325,0.999974027,0.999972728,3.90E-08,3.90E-08,3.90E-08
0.16,0.999974251,0.999972896,0.999971541,4.34E-08,4.34E-08,4.34E-08
0.17,0.999973119,0.999971705,0.99997029,4.81E-08,4.81E-08,4.81E-08
0.18,0.999971927,0.999970449,0.999968972,5.32E-08,5.32E-08,5.32E-08
0.19,0.999970669,0.999969126,0.999967582,5.87E-08,5.87E-08,5.87E-08
0.2,0.999969343,0.99996773,0.999966117,6.45E-08,6.45E-08,6.45E-08
0.21,0.999967945,0.999966258,0.999964571,7.09E-08,7.09E-08,7.09E-08
0.22,0.99996647,0.999964705,0.999962941,7.76E-08,7.76E-08,7.76E-08
0.23,0.999964914,0.999963067,0.999961221,8.49E-08,8.49E-08,8.49E-08
0.24,0.999963271,0.999961338,0.999959405,9.28E-08,9.28E-08,9.28E-08
0.25,0.999961537,0.999959513,0.999957489,1.01E-07,1.01E-07,1.01E-07
0.26,0.999959707,0.999957586,0.999955466,1.10E-07,1.10E-07,1.10E-07
0.27,0.999957774,0.999955551,0.999953329,1.20E-07,1.20E-07,1.20E-07
0.28,0.999955732,0.999953402,0.999951072,1.30E-07,1.30E-07,1.30E-07
0.29,0.999953574,0.999951131,0.999948688,1.42E-07,1.42E-07,1.42E-07
0.3,0.999951295,0.999948732,0.999946169,1.54E-07,1.54E-07,1.54E-07
0.31,0.999948886,0.999946196,0.999943506,1.67E-07,1.67E-07,1.67E-07
0.32,0.999946339,0.999943515,0.999940692,1.81E-07,1.81E-07,1.81E-07
0.33,0.999943647,0.999940681,0.999937716,1.96E-07,1.96E-07,1.96E-07
0.34,0.999940799,0.999937684,0.999934569,2.12E-07,2.12E-07,2.12E-07
0.35,0.999937788,0.999934514,0.99993124,2.29E-07,2.29E-07,2.29E-07
0.36,0.999934602,0.999931161,0.999927719,2.48E-07,2.48E-07,2.48E-07
0.37,0.999931231,0.999927612,0.999923994,2.68E-07,2.68E-07,2.68E-07
0.38,0.999927664,0.999923858,0.999920051,2.89E-07,2.89E-07,2.89E-07
0.39,0.999923888,0.999919883,0.999915878,3.12E-07,3.12E-07,3.12E-07
0.4,0.999919891,0.999915676,0.999911461,3.37E-07,3.37E-07,3.37E-07
0.41,0.999915659,0.999911222,0.999906784,3.64E-07,3.64E-07,3.64E-07
0.42,0.999911178,0.999906504,0.999901831,3.93E-07,3.93E-07,3.93E-07
0.43,0.999906431,0.999901508,0.999896585,4.24E-07,4.24E-07,4.24E-07
0.44,0.999901404,0.999896216,0.999891029,4.57E-07,4.57E-07,4.57E-07
0.45,0.999896077,0.999890609,0.999885142,4.92E-07,4.92E-07,4.92E-07
0.46,0.999890432,0.999884668,0.999878903,5.31E-07,5.31E-07,5.31E-07
0.47,0.99988445,0.999878371,0.999872292,5.72E-07,5.72E-07,5.72E-07
0.48,0.999878109,0.999871697,0.999865285,6.16E-07,6.16E-07,6.16E-07
0.49,0.999871388,0.999864622,0.999857857,6.63E-07,6.63E-07,6.63E-07
0.5,0.999864261,0.999857121,0.999849981,7.14E-07,7.14E-07,7.14E-07
0.51,0.999856704,0.999849166,0.999841629,7.69E-07,7.69E-07,7.69E-07
0.52,0.999848689,0.99984073,0.999832772,8.28E-07,8.28E-07,8.28E-07
0.53,0.999840188,0.999831783,0.999823378,8.92E-07,8.92E-07,8.92E-07
0.54,0.99983117,0.999822291,0.999813412,9.60E-07,9.60E-07,9.60E-07
0.55,0.999821603,0.999812221,0.999802839,1.03282E-06,1.03279E-06,1.03275E-06
0.56,0.999811451,0.999801535,0.999791621,1.11145E-06,1.1114E-06,1.11136E-06
0.57,0.999800678,0.999790196,0.999779716,1.19593E-06,1.19588E-06,1.19583E-06
0.58,0.999789243,0.999778161,0.99976708,1.28673E-06,1.28666E-06,1.2866E-06
0.59,0.999777106,0.999765387,0.999753669,1.38429E-06,1.38422E-06,1.38415E-06
0.6,0.999764222,0.999751826,0.999739431,1.48913E-06,1.48905E-06,1.48897E-06
0.61,0.999750542,0.999737428,0.999724315,1.60178E-06,1.60169E-06,1.6016E-06
0.62,0.999736016,0.99972214,0.999708265,1.72284E-06,1.72273E-06,1.72262E-06
0.63,0.999720591,0.999705906,0.999691222,1.85292E-06,1.85279E-06,1.85267E-06
0.64,0.99970421,0.999688664,0.999673121,1.99269E-06,1.99255E-06,1.99241E-06
0.65,0.999686809,0.999670351,0.999653896,2.14288E-06,2.14272E-06,2.14255E-06
0.66,0.999668326,0.999650899,0.999633474,2.30426E-06,2.30407E-06,2.30387E-06
0.67,0.99964869,0.999630234,0.99961178,2.47766E-06,2.47743E-06,2.47721E-06
0.68,0.999627829,0.999608278,0.999588732,2.66396E-06,2.66371E-06,2.66345E-06
0.69,0.999605662,0.999584951,0.999564243,2.86414E-06,2.86384E-06,2.86354E-06
0.7,0.999582107,0.999560162,0.999538222,3.07921E-06,3.07887E-06,3.07852E-06
0.71,0.999557075,0.999533819,0.999510569,3.31028E-06,3.30988E-06,3.30949E-06
0.72,0.999530472,0.999505823,0.999481181,3.55853E-06,3.55807E-06,3.55762E-06
0.73,0.999502195,0.999476067,0.999449946,3.82524E-06,3.82471E-06,3.82418E-06
0.74,0.999472138,0.999444439,0.999416747,4.11176E-06,4.11115E-06,4.11054E-06
0.75,0.999440188,0.999410818,0.999381457,4.41957E-06,4.41887E-06,4.41816E-06
0.76,0.999406221,0.999375077,0.999343943,4.75023E-06,4.74942E-06,4.7486E-06
0.77,0.99937011,0.99933708,0.999304062,5.10542E-06,5.10448E-06,5.10354E-06
0.78,0.999331717,0.999296683,0.999261663,5.48696E-06,5.48587E-06,5.48479E-06
0.79,0.999290894,0.999253731,0.999216584,5.89677E-06,5.89552E-06,5.89427E-06
0.8,0.999247487,0.999208062,0.999168655,6.33695E-06,6.3355E-06,6.33406E-06
0.81,0.999201331,0.999159501,0.999117692,6.80971E-06,6.80804E-06,6.80637E-06
0.82,0.999152248,0.999107865,0.999063504,7.31743E-06,7.31551E-06,7.31359E-06
0.83,0.999100053,0.999052955,0.999005883,7.86269E-06,7.86047E-06,7.85826E-06
0.84,0.999044546,0.998994564,0.998944612,8.44822E-06,8.44566E-06,8.4431E-06
0.85,0.998985516,0.99893247,0.998879458,9.07696E-06,9.074E-06,9.07105E-06
0.86,0.998922739,0.998866437,0.998810175,9.75205E-06,9.74864E-06,9.74524E-06
0.87,0.998855976,0.998796216,0.9987365,1.04769E-05,1.04729E-05,1.0469E-05
0.88,0.998784973,0.99872154,0.998658157,1.1255E-05,1.12505E-05,1.12459E-05
0.89,0.998709463,0.998642127,0.99857485,1.20903E-05,1.20851E-05,1.20798E-05
0.9,0.99862916,0.99855768,0.998486266,1.29869E-05,1.29809E-05,1.29749E-05
0.91,0.998543762,0.998467881,0.998392075,1.39492E-05,1.39423E-05,1.39353E-05
0.92,0.998452947,0.998372393,0.998291925,1.4982E-05,1.4974E-05,1.4966E-05
0.93,0.998356376,0.998270862,0.998185445,1.60902E-05,1.6081E-05,1.60718E-05
0.94,0.99825369,0.998162909,0.99807224,1.72793E-05,1.72687E-05,1.7258E-05
0.95,0.998144506,0.998048137,0.997951894,1.85549E-05,1.85427E-05,1.85305E-05
0.96,0.998028421,0.997926122,0.997823967,1.99233E-05,1.99092E-05,1.98952E-05
0.97,0.997905008,0.997796419,0.997687993,2.1391E-05,2.13747E-05,2.13585E-05
0.98,0.997773816,0.997658555,0.99754348,2.29648E-05,2.29462E-05,2.29275E-05
0.99,0.997634369,0.997512034,0.997389911,2.46524E-05,2.46309E-05,2.46094E-05
1,0.997486163,0.99735633,0.997226737,2.64614E-05,2.64367E-05,2.6412E-05
1.01,0.997328668,0.997190889,0.997053383,2.84005E-05,2.8372E-05,2.83437E-05
1.02,0.997161324,0.997015128,0.996869242,3.04784E-05,3.04457E-05,3.04131E-05
1.03,0.996983544,0.996828434,0.996673677,3.27047E-05,3.26671E-05,3.26296E-05
1.04,0.996794707,0.996630162,0.996466017,3.50895E-05,3.50463E-05,3.50033E-05
1.05,0.996594163,0.996419635,0.996245561,3.76435E-05,3.75938E-05,3.75444E-05
1.06,0.996381228,0.996196142,0.996011571,4.03779E-05,4.03209E-05,4.02641E-05
1.07,0.996155187,0.99595894,0.995763276,4.33047E-05,4.32393E-05,4.31742E-05
1.08,0.995915288,0.99570725,0.995499872,4.64367E-05,4.63617E-05,4.6287E-05
1.09,0.995660749,0.99544026,0.995220517,4.97872E-05,4.97012E-05,4.96156E-05
1.1,0.995390751,0.99515712,0.994924335,5.33703E-05,5.32717E-05,5.31736E-05
1.11,0.995104438,0.994856949,0.994610415,5.72008E-05,5.70879E-05,5.69756E-05
1.12,0.994800924,0.994538828,0.994277812,6.12944E-05,6.11651E-05,6.10367E-05
1.13,0.994479284,0.994201806,0.993925545,6.56675E-05,6.55196E-05,6.53727E-05
1.14,0.994138562,0.993844895,0.993552601,7.03373E-05,7.01682E-05,7.00003E-05
1.15,0.993777768,0.993467077,0.993157934,7.53218E-05,7.51286E-05,7.49369E-05
1.16,0.993395878,0.993067303,0.992740469,8.06398E-05,8.04193E-05,8.02005E-05
1.17,0.992991839,0.99264449,0.9922991,8.6311E-05,8.60595E-05,8.581E-05
1.18,0.992564569,0.992197533,0.991832697,9.23559E-05,9.20691E-05,9.17849E-05
1.19,0.992112958,0.991725298,0.991340106,9.87956E-05,9.8469E-05,9.81455E-05
1.2,0.991635873,0.99122663,0.990820152,0.000105652,0.00010528,0.000104913
1.21,0.99113216,0.990700356,0.990271645,0.000112948,0.000112526,0.000112108
1.22,0.990600647,0.990145285,0.989693382,0.000120707,0.000120228,0.000119753
1.23,0.990040148,0.989560219,0.989084151,0.000128954,0.000128409,0.000127871
1.24,0.989449468,0.988943953,0.988442741,0.000137712,0.000137095,0.000136486
1.25,0.988827409,0.98829528,0.987767941,0.000147008,0.000146309,0.00014562
1.26,0.988172771,0.987613,0.98705855,0.000156866,0.000156076,0.000155297
1.27,0.987484366,0.986895923,0.986313384,0.000167314,0.000166422,0.000165543
1.28,0.986761013,0.986142877,0.985531278,0.000178378,0.000177371,0.000176381
1.29,0.986001556,0.985352715,0.9847111,0.000190084,0.00018895,0.000187835
1.3,0.985204861,0.984524319,0.983851752,0.00020246,0.000201184,0.000199931
1.31,0.984369832,0.983656614,0.98295218,0.000215532,0.000214098,0.000212692
1.32,0.983495409,0.982748567,0.982011382,0.000229327,0.000227719,0.000226143
1.33,0.982580583,0.9817992,0.981028414,0.000243872,0.000242071,0.000240307
1.34,0.9816244,0.980807597,0.980002397,0.000259193,0.000257178,0.000255208
1.35,0.980625967,0.979772906,0.978932526,0.000275315,0.000273066,0.000270868
1.36,0.979584462,0.978694353,0.977818074,0.000292265,0.000289757,0.000287309
1.37,0.978499138,0.977571244,0.976658399,0.000310065,0.000307274,0.000304552
1.38,0.97736933,0.97640297,0.975452953,0.00032874,0.000325639,0.000322618
1.39,0.976194462,0.975189016,0.97420128,0.000348313,0.000344873,0.000341526
1.4,0.97497405,0.973928964,0.972903025,0.000368803,0.000364995,0.000361293
1.41,0.973707707,0.972622493,0.971557938,0.000390233,0.000386023,0.000381936
1.42,0.972395148,0.971269391,0.970165872,0.00041262,0.000407975,0.000403471
1.43,0.971036192,0.969869547,0.968726791,0.000435982,0.000430865,0.000425911
1.44,0.969630762,0.968422961,0.967240764,0.000460334,0.000454709,0.00044927
1.45,0.968178888,0.966929737,0.965707981,0.000485691,0.000479519,0.000473556
1.46,0.966680721,0.9653901,0.964128703,0.000512065,0.000505305,0.000498782
1.47,0.965136477,0.963804345,0.962503331,0.000539467,0.000532076,0.000524953
1.48,0.963546517,0.962172903,0.960832358,0.000567907,0.000559841,0.000552077
1.49,0.961911289,0.960496298,0.959116373,0.000597391,0.000588605,0.000580158
1.5,0.960231341,0.958775146,0.95735606,0.000627926,0.000618373,0.000609199
1.51,0.958507314,0.957010158,0.955552193,0.000659515,0.000649147,0.000639202
1.52,0.956739938,0.955202128,0.953705626,0.000692161,0.000680928,0.000670166
1.53,0.95493003,0.953351935,0.951817295,0.000725864,0.000713715,0.000702091
1.54,0.953078482,0.95146053,0.949888205,0.000760623,0.000747508,0.000734973
1.55,0.951186262,0.949528934,0.947919424,0.000796435,0.000782302,0.000768809
1.56,0.949254401,0.947558229,0.945912081,0.000833296,0.000818092,0.000803592
1.57,0.947283991,0.945549552,0.943867355,0.000871201,0.000854872,0.000839317
1.58,0.945276178,0.94350409,0.941786468,0.000910144,0.000892635,0.000875975
1.59,0.943232152,0.941423072,0.939670682,0.000950115,0.000931373,0.000913558
1.6,0.941153143,0.939307759,0.937521288,0.000991105,0.000971076,0.000952057
1.61,0.939040414,0.937159445,0.935339603,0.001033105,0.001011733,0.000991459
1.62,0.936895255,0.934979442,0.933126961,0.001076102,0.001053333,0.001031755
1.63,0.934718977,0.932769082,0.93088471,0.001120085,0.001095864,0.001072933
1.64,0.932512902,0.930529706,0.928614205,0.00116504,0.001139313,0.001114978
1.65,0.930278366,0.92826266,0.926316802,0.001210955,0.001183666,0.001157879
1.66,0.928016706,0.925969291,0.923993856,0.001257813,0.00122891,0.001201621
1.67,0.925729258,0.923650943,0.921646713,0.001305601,0.001275029,0.00124619
1.68,0.923417352,0.921308949,0.919276708,0.001354304,0.00132201,0.001291573
1.69,0.92108231,0.918944631,0.916885162,0.001403904,0.001369836,0.001337753
1.7,0.918725439,0.916559295,0.914473378,0.001454387,0.001418492,0.001384717
1.71,0.916348032,0.914154228,0.912042636,0.001505735,0.001467963,0.001432448
1.72,0.913951358,0.911730695,0.909594195,0.001557933,0.001518232,0.001480933
1.73,0.911536667,0.909289937,0.907129287,0.001610964,0.001569284,0.001530156
1.74,0.909105184,0.906833169,0.904649115,0.00166481,0.001621103,0.0015801
1.75,0.906658107,0.904361578,0.902154856,0.001719456,0.001673672,0.001630752
1.76,0.904196604,0.901876321,0.899647652,0.001774884,0.001726977,0.001682096
1.77,0.901721817,0.899378523,0.897128617,0.001831078,0.001781,0.001734118
1.78,0.899234853,0.89686928,0.894598831,0.001888021,0.001835727,0.001786801
1.79,0.896736791,0.894349654,0.89205934,0.001945696,0.001891141,0.001840131
1.8,0.894228674,0.891820674,0.889511159,0.002004088,0.001947228,0.001894094
1.81,0.891711517,0.889283336,0.886955267,0.002063181,0.002003972,0.001948676
1.82,0.889186296,0.886738602,0.884392609,0.002122957,0.002061357,0.002003861
1.83,0.886653959,0.884187401,0.881824099,0.002183403,0.002119371,0.002059637
1.84,0.884115417,0.881630628,0.879250614,0.002244501,0.002177996,0.002115989
1.85,0.881571551,0.879069146,0.876673,0.002306238,0.002237221,0.002172904
1.86,0.879023206,0.876503784,0.874092071,0.002368598,0.00229703,0.002230369
1.87,0.876471198,0.873935339,0.871508606,0.002431567,0.002357409,0.002288371
1.88,0.873916309,0.871364576,0.868923354,0.00249513,0.002418346,0.002346896
1.89,0.871359289,0.86879223,0.866337033,0.002559273,0.002479827,0.002405933
1.9,0.868800858,0.866219003,0.863750331,0.002623983,0.002541839,0.00246547
1.91,0.866241708,0.86364557,0.861163904,0.002689246,0.00260437,0.002525495
1.92,0.863682497,0.861072574,0.858578382,0.002755048,0.002667407,0.002585995
1.93,0.861123859,0.858500632,0.855994366,0.002821378,0.002730938,0.002646961
1.94,0.858566397,0.855930331,0.853412428,0.002888223,0.002794952,0.00270838
1.95,0.856010687,0.853362234,0.850833116,0.00295557,0.002859436,0.002770242
1.96,0.853457281,0.850796875,0.848256951,0.003023408,0.002924381,0.002832537
1.97,0.850906702,0.848234765,0.84568443,0.003091724,0.002989775,0.002895254
1.98,0.848359451,0.845676389,0.843116023,0.003160508,0.003055607,0.002958384
1.99,0.845816004,0.84312221,0.840552182,0.003229749,0.003121868,0.003021916
2,0.843276814,0.840572668,0.837993332,0.003299436,0.003188547,0.003085841
2.01,0.840742311,0.838028179,0.835439879,0.003369557,0.003255634,0.003150151
2.02,0.838212904,0.835489141,0.832892207,0.003440105,0.003323119,0.003214836
2.03,0.835688981,0.832955928,0.830350681,0.003511067,0.003390995,0.003279887
2.04,0.833170912,0.830428898,0.827815645,0.003582435,0.00345925,0.003345296
2.05,0.830659044,0.827908388,0.825287427,0.0036542,0.003527878,0.003411055
2.06,0.828153708,0.825394718,0.822766336,0.003726351,0.003596869,0.003477156
2.07,0.825655217,0.822888189,0.820252662,0.003798881,0.003666214,0.00354359
2.08,0.823163867,0.820389086,0.817746682,0.003871781,0.003735907,0.003610351
2.09,0.820679936,0.81789768,0.815248655,0.003945041,0.003805938,0.003677432
2.1,0.818203689,0.815414222,0.812758825,0.004018655,0.003876301,0.003744823
2.11,0.815735373,0.812938953,0.810277424,0.004092614,0.003946988,0.00381252
2.12,0.813275222,0.810472097,0.807804667,0.004166911,0.004017992,0.003880515
2.13,0.810823457,0.808013866,0.805340757,0.004241537,0.004089305,0.003948802
2.14,0.808380283,0.805564457,0.802885884,0.004316486,0.004160921,0.004017373
2.15,0.805945896,0.803124057,0.800440228,0.004391751,0.004232833,0.004086224
2.16,0.803520476,0.80069284,0.798003953,0.004467324,0.004305035,0.004155347
2.17,0.801104194,0.798270967,0.795577217,0.004543199,0.00437752,0.004224738
2.18,0.798697209,0.795858591,0.793160163,0.004619369,0.004450283,0.004294389
2.19,0.796299669,0.793455854,0.790752926,0.004695829,0.004523317,0.004364296
2.2,0.793911712,0.791062885,0.788355632,0.004772571,0.004596617,0.004434453
2.21,0.791533466,0.788679808,0.785968395,0.00484959,0.004670176,0.004504856
2.22,0.789165051,0.786306734,0.783591324,0.00492688,0.004743991,0.004575498
2.23,0.786806576,0.783943768,0.781224515,0.005004435,0.004818054,0.004646375
2.24,0.784458143,0.781591006,0.77886806,0.00508225,0.004892361,0.004717481
2.25,0.782119846,0.779248536,0.776522041,0.005160319,0.004966908,0.004788813
2.26,0.77979177,0.776916437,0.774186533,0.005238638,0.005041689,0.004860366
2.27,0.777473994,0.774594783,0.771861604,0.0053172,0.005116698,0.004932135
2.28,0.775166589,0.77228364,0.769547317,0.005396002,0.005191933,0.005004115
2.29,0.772869619,0.769983068,0.767243726,0.005475038,0.005267388,0.005076304
2.3,0.770583143,0.76769312,0.76495088,0.005554303,0.005343058,0.005148695
2.31,0.768307212,0.765413845,0.762668822,0.005633793,0.00541894,0.005221286
2.32,0.766041873,0.763145283,0.760397591,0.005713504,0.005495029,0.005294072
2.33,0.763787166,0.760887471,0.758137219,0.005793431,0.005571322,0.00536705
2.34,0.761543127,0.75864044,0.755887733,0.005873569,0.005647814,0.005440216
2.35,0.759309785,0.756404218,0.753649156,0.005953916,0.005724501,0.005513567
2.36,0.757087168,0.754178824,0.751421507,0.006034466,0.00580138,0.005587098
2.37,0.754875294,0.751964278,0.749204799,0.006115216,0.005878447,0.005660806
2.38,0.752674181,0.749760592,0.746999043,0.006196163,0.005955698,0.005734688
2.39,0.750483841,0.747567774,0.744804243,0.006277301,0.00603313,0.005808742
2.4,0.748304283,0.745385831,0.742620403,0.006358629,0.00611074,0.005882962
2.41,0.746135512,0.743214764,0.740447521,0.006440141,0.006188524,0.005957347
2.42,0.743977528,0.741054571,0.738285592,0.006521836,0.006266479,0.006031894
2.43,0.741830329,0.738905246,0.736134609,0.006603708,0.006344603,0.006106599
2.44,0.73969391,0.736766782,0.73399456,0.006685756,0.006422891,0.00618146
2.45,0.737568262,0.734639168,0.731865433,0.006767976,0.00650134,0.006256473
2.46,0.735453374,0.732522389,0.729747211,0.006850365,0.006579949,0.006331637
2.47,0.733349232,0.73041643,0.727639874,0.00693292,0.006658714,0.006406948
2.48,0.731255819,0.728321269,0.725543401,0.007015638,0.006737633,0.006482403
2.49,0.729173116,0.726236887,0.723457769,0.007098515,0.006816702,0.006558001
2.5,0.727101101,0.72416326,0.721382952,0.00718155,0.006895919,0.006633739
2.51,0.725039751,0.722100361,0.719318922,0.007264739,0.006975281,0.006709614
2.52,0.72298904,0.720048162,0.717265648,0.00734808,0.007054786,0.006785624
2.53,0.720948939,0.718006634,0.7152231,0.00743157,0.007134432,0.006861767
2.54,0.718919419,0.715975745,0.713191243,0.007515207,0.007214216,0.00693804
2.55,0.716900449,0.713955462,0.711170043,0.007598988,0.007294136,0.007014442
2.56,0.714891995,0.711945749,0.709159462,0.00768291,0.007374189,0.007090969
2.57,0.712894022,0.70994657,0.707159463,0.007766972,0.007454373,0.007167621
2.58,0.710906495,0.707957887,0.705170006,0.007851171,0.007534687,0.007244394
2.59,0.708929376,0.705979661,0.703191051,0.007935504,0.007615127,0.007321287
2.6,0.706962625,0.704011851,0.701222555,0.00801997,0.007695692,0.007398299
2.61,0.705006203,0.702054416,0.699264475,0.008104566,0.00777638,0.007475426
2.62,0.703060067,0.700107312,0.697316766,0.008189291,0.007857188,0.007552667
2.63,0.701124177,0.698170496,0.695379385,0.008274141,0.007938116,0.007630021
2.64,0.699198487,0.696243923,0.693452284,0.008359116,0.00801916,0.007707485
2.65,0.697282954,0.694327547,0.691535416,0.008444212,0.00810032,0.007785059
2.66,0.695377531,0.692421321,0.689628733,0.008529429,0.008181593,0.007862739
2.67,0.693482174,0.690525198,0.687732188,0.008614764,0.008262977,0.007940524
2.68,0.691596835,0.688639129,0.68584573,0.008700216,0.008344471,0.008018414
2.69,0.689721465,0.686763067,0.68396931,0.008785782,0.008426074,0.008096405
2.7,0.687856018,0.68489696,0.682102877,0.008871461,0.008507782,0.008174497
2.71,0.686000443,0.68304076,0.68024638,0.008957251,0.008589595,0.008252689
2.72,0.684154691,0.681194415,0.678399767,0.00904315,0.008671512,0.008330977
2.73,0.682318713,0.679357874,0.676562986,0.009129157,0.00875353,0.008409362
2.74,0.680492456,0.677531086,0.674735985,0.00921527,0.008835648,0.008487842
2.75,0.678675871,0.675713999,0.67291871,0.009301488,0.008917865,0.008566415
2.76,0.676868905,0.67390656,0.671111109,0.009387809,0.009000179,0.008645079
2.77,0.675071507,0.672108716,0.669313128,0.009474231,0.009082589,0.008723835
2.78,0.673283625,0.670320415,0.667524713,0.009560753,0.009165092,0.008802679
2.79,0.671505205,0.668541602,0.66574581,0.009647373,0.009247689,0.008881611
2.8,0.669736196,0.666772225,0.663976364,0.009734091,0.009330378,0.00896063
2.81,0.667976545,0.665012229,0.662216321,0.009820904,0.009413156,0.009039735
2.82,0.666226197,0.663261562,0.660465627,0.009907812,0.009496024,0.009118923
2.83,0.6644851,0.661520167,0.658724226,0.009994812,0.009578979,0.009198195
2.84,0.6627532,0.659787992,0.656992063,0.010081904,0.009662021,0.009277548
2.85,0.661030443,0.658064981,0.655269084,0.010169087,0.009745148,0.009356982
2.86,0.659316776,0.656351081,0.653555234,0.010256358,0.009828359,0.009436496
2.87,0.657612144,0.654646237,0.651850456,0.010343717,0.009911653,0.009516088
2.88,0.655916494,0.652950394,0.650154697,0.010431163,0.009995029,0.009595757
2.89,0.654229772,0.651263497,0.648467902,0.010518694,0.010078485,0.009675503
2.9,0.652551924,0.649585493,0.646790013,0.01060631,0.010162021,0.009755323
2.91,0.650882895,0.647916326,0.645120978,0.010694008,0.010245635,0.009835219
2.92,0.649222632,0.646255942,0.643460741,0.010781789,0.010329326,0.009915187
2.93,0.647571081,0.644604287,0.641809246,0.01086965,0.010413094,0.009995228
2.94,0.645928187,0.642961305,0.64016644,0.010957591,0.010496938,0.01007534
2.95,0.644293898,0.641326944,0.638532266,0.011045611,0.010580855,0.010155522
2.96,0.642668159,0.639701148,0.636906671,0.011133708,0.010664846,0.010235774
2.97,0.641050917,0.638083863,0.6352896,0.011221882,0.010748909,0.010316094
2.98,0.639442118,0.636475036,0.633680998,0.011310131,0.010833044,0.010396482
2.99,0.637841708,0.634874612,0.632080812,0.011398456,0.010917249,0.010476937
3,0.636249635,0.633282538,0.630488987,0.011486854,0.011001524,0.010557458
3.01,0.634665846,0.631698761,0.628905469,0.011575324,0.011085867,0.010638043
3.02,0.633090286,0.630123226,0.627330205,0.011663867,0.011170279,0.010718693
3.03,0.631522904,0.628555882,0.62576314,0.01175248,0.011254757,0.010799407
3.04,0.629963648,0.626996674,0.624204222,0.011841163,0.011339301,0.010880183
3.05,0.628412463,0.625445549,0.622653398,0.011929916,0.011423911,0.01096102
3.06,0.626869299,0.623902457,0.621110614,0.012018736,0.011508585,0.011041919
3.07,0.625334103,0.622367343,0.619575818,0.012107624,0.011593323,0.011122878
3.08,0.623806823,0.620840155,0.618048957,0.012196579,0.011678123,0.011203897
3.09,0.622287408,0.619320843,0.616529979,0.012285599,0.011762986,0.011284975
3.1,0.620775806,0.617809354,0.615018832,0.012374684,0.01184791,0.011366111
3.11,0.619271967,0.616305636,0.613515465,0.012463834,0.011932895,0.011447304
3.12,0.617775838,0.614809639,0.612019825,0.012553046,0.012017939,0.011528554
3.13,0.61628737,0.613321311,0.610531862,0.012642321,0.012103043,0.01160986
3.14,0.614806512,0.611840601,0.609051524,0.012731658,0.012188205,0.011691221
3.15,0.613333214,0.61036746,0.607578761,0.012821057,0.012273425,0.011772637
3.16,0.611867426,0.608901837,0.606113523,0.012910515,0.012358702,0.011854107
3.17,0.610409098,0.607443681,0.604655758,0.013000033,0.012444035,0.011935631
3.18,0.608958181,0.605992945,0.603205418,0.01308961,0.012529424,0.012017207
3.19,0.607514625,0.604549577,0.601762453,0.013179246,0.012614869,0.012098836
3.2,0.606078382,0.603113529,0.600326813,0.013268939,0.012700367,0.012180516
3.21,0.604649403,0.601684752,0.59889845,0.013358689,0.012785919,0.012262247
3.22,0.603227641,0.600263197,0.597477314,0.013448495,0.012871525,0.012344029
3.23,0.601813046,0.598848817,0.596063357,0.013538356,0.012957183,0.012425861
3.24,0.600405571,0.597441563,0.594656531,0.013628273,0.013042893,0.012507741
3.25,0.599005168,0.596041387,0.593256788,0.013718244,0.013128655,0.012589671
3.26,0.597611791,0.594648242,0.59186408,0.013808269,0.013214467,0.012671649
3.27,0.596225392,0.593262082,0.590478361,0.013898347,0.01330033,0.012753674
3.28,0.594845925,0.591882859,0.589099583,0.013988478,0.013386242,0.012835746
3.29,0.593473344,0.590510526,0.5877277,0.01407866,0.013472204,0.012917865
3.3,0.592107602,0.589145039,0.586362665,0.014168894,0.013558214,0.013000031
3.31,0.590748654,0.587786349,0.585004432,0.014259178,0.013644272,0.013082241
3.32,0.589396454,0.586434413,0.583652956,0.014349513,0.013730377,0.013164497
3.33,0.588050957,0.585089184,0.58230819,0.014439898,0.01381653,0.013246797
3.34,0.586712118,0.583750619,0.58097009,0.014530332,0.013902729,0.013329142
3.35,0.585379894,0.582418671,0.579638611,0.014620814,0.013988975,0.01341153
3.36,0.584054238,0.581093296,0.578313709,0.014711345,0.014075265,0.013493961
3.37,0.582735108,0.579774451,0.576995339,0.014801923,0.014161601,0.013576435
3.38,0.58142246,0.578462092,0.575683457,0.014892548,0.014247981,0.013658952
3.39,0.58011625,0.577156175,0.574378019,0.01498322,0.014334406,0.01374151
3.4,0.578816436,0.575856657,0.573078983,0.015073938,0.014420874,0.013824109
3.41,0.577522974,0.574563494,0.571786305,0.015164702,0.014507385,0.01390675
3.42,0.576235823,0.573276646,0.570499943,0.01525551,0.014593939,0.01398943
3.43,0.574954939,0.571996068,0.569219853,0.015346364,0.014680535,0.014072151
3.44,0.573680281,0.570721719,0.567945995,0.015437261,0.014767173,0.014154912
3.45,0.572411808,0.569453558,0.566678326,0.015528203,0.014853852,0.014237712
3.46,0.571149478,0.568191543,0.565416804,0.015619187,0.014940573,0.014320551
3.47,0.56989325,0.566935633,0.56416139,0.015710215,0.015027334,0.014403428
3.48,0.568643083,0.565685786,0.56291204,0.015801285,0.015114135,0.014486344
3.49,0.567398938,0.564441963,0.561668716,0.015892397,0.015200975,0.014569297
3.5,0.566160773,0.563204124,0.560431376,0.01598355,0.015287856,0.014652287
3.51,0.56492855,0.561972228,0.559199981,0.016074745,0.015374775,0.014735315
3.52,0.563702228,0.560746236,0.557974491,0.016165981,0.015461733,0.014818379
3.53,0.562481768,0.559526108,0.556754866,0.016257256,0.015548728,0.014901479
3.54,0.561267131,0.558311805,0.555541068,0.016348572,0.015635762,0.014984615
3.55,0.560058279,0.557103289,0.554333057,0.016439927,0.015722833,0.015067787
3.56,0.558855174,0.555900521,0.553130795,0.016531322,0.015809941,0.015150994
3.57,0.557657776,0.554703463,0.551934244,0.016622755,0.015897086,0.015234236
3.58,0.556466049,0.553512077,0.550743365,0.016714227,0.015984268,0.015317512
3.59,0.555279954,0.552326325,0.549558121,0.016805736,0.016071485,0.015400822
3.6,0.554099455,0.55114617,0.548378475,0.016897284,0.016158738,0.015484167
3.61,0.552924514,0.549971575,0.54720439,0.016988868,0.016246026,0.015567544
3.62,0.551755095,0.548802503,0.546035828,0.01708049,0.016333349,0.015650955
3.63,0.550591161,0.547638918,0.544872753,0.017172148,0.016420707,0.015734399
3.64,0.549432676,0.546480783,0.543715128,0.017263843,0.016508099,0.015817876
3.65,0.548279605,0.545328063,0.542562919,0.017355573,0.016595526,0.015901384
3.66,0.547131911,0.544180721,0.541416088,0.017447339,0.016682986,0.015984925
3.67,0.545989559,0.543038723,0.540274601,0.01753914,0.016770479,0.016068497
3.68,0.544852514,0.541902033,0.539138422,0.017630976,0.016858005,0.016152101
3.69,0.543720742,0.540770616,0.538007517,0.017722847,0.016945564,0.016235736
3.7,0.542594208,0.539644438,0.53688185,0.017814752,0.017033156,0.016319401
3.71,0.541472877,0.538523464,0.535761388,0.017906691,0.017120779,0.016403098
3.72,0.540356716,0.537407661,0.534646096,0.017998663,0.017208435,0.016486824
3.73,0.53924569,0.536296994,0.53353594,0.018090669,0.017296122,0.01657058
3.74,0.538139766,0.53519143,0.532430887,0.018182708,0.017383841,0.016654366
3.75,0.537038912,0.534090935,0.531330903,0.01827478,0.01747159,0.016738182
3.76,0.535943093,0.532995477,0.530235956,0.018366884,0.01755937,0.016822027
3.77,0.534852277,0.531905022,0.529146012,0.01845902,0.017647181,0.0169059
3.78,0.533766433,0.530819539,0.528061039,0.018551188,0.017735021,0.016989803
3.79,0.532685526,0.529738995,0.526981005,0.018643388,0.017822892,0.017073733
3.8,0.531609526,0.528663358,0.525905877,0.018735619,0.017910792,0.017157692
3.81,0.530538401,0.527592595,0.524835623,0.018827881,0.017998722,0.017241679
3.82,0.529472119,0.526526676,0.523770213,0.018920174,0.018086681,0.017325693
3.83,0.528410649,0.52546557,0.522709614,0.019012497,0.018174669,0.017409735
3.84,0.52735396,0.524409244,0.521653796,0.01910485,0.018262685,0.017493804
3.85,0.52630202,0.523357669,0.520602728,0.019197234,0.01835073,0.0175779
3.86,0.525254801,0.522310814,0.519556379,0.019289647,0.018438803,0.017662023
3.87,0.524212271,0.521268647,0.518514719,0.01938209,0.018526903,0.017746172
3.88,0.523174399,0.520231141,0.517477717,0.019474561,0.018615032,0.017830347
3.89,0.522141158,0.519198263,0.516445344,0.019567062,0.018703188,0.017914549
3.9,0.521112516,0.518169986,0.515417571,0.019659591,0.018791371,0.017998776
3.91,0.520088444,0.517146279,0.514394366,0.019752149,0.018879581,0.018083029
3.92,0.519068913,0.516127112,0.513375703,0.019844735,0.018967817,0.018167307
3.93,0.518053895,0.515112459,0.51236155,0.019937349,0.01905608,0.018251611
3.94,0.51704336,0.514102288,0.511351881,0.020029991,0.01914437,0.018335939
3.95,0.51603728,0.513096573,0.510346665,0.02012266,0.019232685,0.018420292
3.96,0.515035627,0.512095284,0.509345876,0.020215357,0.019321027,0.01850467
3.97,0.514038373,0.511098393,0.508349484,0.020308081,0.019409394,0.018589072
3.98,0.51304549,0.510105874,0.507357462,0.020400831,0.019497786,0.018673498
3.99,0.51205695,0.509117697,0.506369782,0.020493608,0.019586204,0.018757948
4,0.511072726,0.508133836,0.505386417,0.020586412,0.019674647,0.018842422
4.01,0.51009279,0.507154264,0.504407339,0.020679241,0.019763114,0.01892692
4.02,0.509117116,0.506178953,0.503432522,0.020772097,0.019851606,0.019011441
4.03,0.508145678,0.505207877,0.502461938,0.020864978,0.019940123,0.019095985
4.04,0.507178447,0.504241008,0.501495562,0.020957885,0.020028663,0.019180552
4.05,0.506215399,0.503278322,0.500533366,0.021050817,0.020117228,0.019265142
4.06,0.505256506,0.50231979,0.499575325,0.021143775,0.020205817,0.019349754
4.07,0.504301744,0.501365389,0.498621412,0.021236757,0.020294429,0.019434389
4.08,0.503351085,0.500415091,0.497671602,0.021329764,0.020383064,0.019519046
4.09,0.502404505,0.499468871,0.496725869,0.021422796,0.020471723,0.019603726
4.1,0.501461979,0.498526704,0.495784188,0.021515851,0.020560405,0.019688427
4.11,0.50052348,0.497588565,0.494846533,0.021608932,0.02064911,0.01977315
4.12,0.499588985,0.496654428,0.49391288,0.021702036,0.020737838,0.019857895
4.13,0.498658468,0.495724269,0.492983203,0.021795163,0.020826588,0.019942661
4.14,0.497731904,0.494798063,0.492057479,0.021888315,0.02091536,0.020027448
4.15,0.49680927,0.493875786,0.491135682,0.02198149,0.021004155,0.020112256
4.16,0.495890541,0.492957414,0.490217789,0.022074688,0.021092972,0.020197086
4.17,0.494975693,0.492042922,0.489303775,0.022167909,0.02118181,0.020281936
4.18,0.494064703,0.491132287,0.488393617,0.022261153,0.02127067,0.020366806
4.19,0.493157546,0.490225485,0.48748729,0.02235442,0.021359552,0.020451698
4.2,0.492254199,0.489322492,0.486584772,0.022447709,0.021448455,0.020536609
4.21,0.491354639,0.488423286,0.485686039,0.022541021,0.02153738,0.020621541
4.22,0.490458843,0.487527842,0.484791068,0.022634355,0.021626325,0.020706492
4.23,0.489566787,0.486636139,0.483899836,0.02272771,0.021715291,0.020791464
4.24,0.488678449,0.485748153,0.48301232,0.022821088,0.021804278,0.020876455
4.25,0.487793807,0.484863862,0.482128497,0.022914488,0.021893286,0.020961466
4.26,0.486912838,0.483983243,0.481248345,0.023007909,0.021982314,0.021046496
4.27,0.48603552,0.483106274,0.480371843,0.023101351,0.022071362,0.021131545
4.28,0.48516183,0.482232934,0.479498967,0.023194814,0.02216043,0.021216614
4.29,0.484291747,0.481363199,0.478629696,0.023288299,0.022249519,0.021301701
4.3,0.483425249,0.480497048,0.477764008,0.023381805,0.022338627,0.021386807
4.31,0.482562314,0.479634461,0.476901881,0.023475331,0.022427755,0.021471932
4.32,0.481702922,0.478775414,0.476043294,0.023568878,0.022516902,0.021557076
4.33,0.48084705,0.477919887,0.475188226,0.023662445,0.022606069,0.021642238
4.34,0.479994678,0.47706786,0.474336656,0.023756033,0.022695255,0.021727418
4.35,0.479145784,0.47621931,0.473488562,0.02384964,0.02278446,0.021812617
4.36,0.478300348,0.475374218,0.472643925,0.023943268,0.022873684,0.021897833
4.37,0.47745835,0.474532562,0.471802722,0.024036916,0.022962927,0.021983068
4.38,0.476619769,0.473694322,0.470964935,0.024130583,0.023052189,0.02206832
4.39,0.475784584,0.472859477,0.470130542,0.02422427,0.023141469,0.02215359
4.4,0.474952775,0.472028009,0.469299523,0.024317977,0.023230768,0.022238877
4.41,0.474124323,0.471199896,0.468471858,0.024411702,0.023320085,0.022324182
4.42,0.473299208,0.470375119,0.467647528,0.024505447,0.02340942,0.022409504
4.43,0.472477409,0.469553657,0.466826513,0.024599211,0.023498773,0.022494843
4.44,0.471658908,0.468735493,0.466008793,0.024692994,0.023588144,0.0225802
4.45,0.470843684,0.467920605,0.465194348,0.024786796,0.023677533,0.022665573
4.46,0.470031719,0.467108975,0.46438316,0.024880616,0.02376694,0.022750963
4.47,0.469222994,0.466300584,0.46357521,0.024974455,0.023856364,0.02283637
4.48,0.468417489,0.465495412,0.462770477,0.025068312,0.023945806,0.022921793
4.49,0.467615186,0.464693441,0.461968944,0.025162188,0.024035265,0.023007233
4.5,0.466816065,0.463894652,0.461170593,0.025256081,0.024124741,0.023092689
4.51,0.466020109,0.463099027,0.460375403,0.025349993,0.024214234,0.023178161
4.52,0.465227299,0.462306547,0.459583357,0.025443922,0.024303744,0.02326365
4.53,0.464437617,0.461517194,0.458794437,0.025537869,0.024393271,0.023349154
4.54,0.463651044,0.460730949,0.458008624,0.025631834,0.024482815,0.023434675
4.55,0.462867563,0.459947795,0.4572259,0.025725817,0.024572375,0.023520211
4.56,0.462087156,0.459167714,0.456446248,0.025819817,0.024661952,0.023605763
4.57,0.461309804,0.458390688,0.45566965,0.025913834,0.024751546,0.02369133
4.58,0.460535491,0.4576167,0.454896087,0.026007868,0.024841155,0.023776914
4.59,0.459764199,0.456845731,0.454125544,0.026101919,0.024930781,0.023862512
4.6,0.45899591,0.456077765,0.453358002,0.026195988,0.025020423,0.023948126
4.61,0.458230607,0.455312784,0.452593443,0.026290073,0.025110081,0.024033755
4.62,0.457468274,0.454550772,0.451831852,0.026384174,0.025199754,0.024119399
4.63,0.456708892,0.453791711,0.451073211,0.026478293,0.025289444,0.024205057
4.64,0.455952446,0.453035584,0.450317502,0.026572428,0.025379149,0.024290731
4.65,0.455198919,0.452282375,0.449564711,0.026666579,0.02546887,0.02437642
4.66,0.454448293,0.451532067,0.448814818,0.026760747,0.025558606,0.024462123
4.67,0.453700553,0.450784643,0.44806781,0.026854931,0.025648357,0.024547841
4.68,0.452955683,0.450040088,0.447323668,0.026949131,0.025738124,0.024633574
4.69,0.452213665,0.449298385,0.446582377,0.027043346,0.025827906,0.024719321
4.7,0.451474483,0.448559518,0.44584392,0.027137578,0.025917703,0.024805082
4.71,0.450738123,0.44782347,0.445108282,0.027231826,0.026007515,0.024890857
4.72,0.450004567,0.447090227,0.444375446,0.027326089,0.026097341,0.024976647
4.73,0.449273801,0.446359771,0.443645398,0.027420368,0.026187183,0.02506245
4.74,0.448545808,0.445632088,0.442918121,0.027514662,0.026277039,0.025148268
4.75,0.447820572,0.444907162,0.442193599,0.027608971,0.02636691,0.025234099
4.76,0.44709808,0.444184978,0.441471817,0.027703296,0.026456795,0.025319944
4.77,0.446378314,0.44346552,0.440752761,0.027797636,0.026546695,0.025405803
4.78,0.44566126,0.442748772,0.440036414,0.027891991,0.026636609,0.025491676
4.79,0.444946903,0.442034721,0.439322762,0.027986361,0.026726537,0.025577562
4.8,0.444235227,0.441323351,0.438611789,0.028080746,0.026816479,0.025663461
4.81,0.443526219,0.440614646,0.437903481,0.028175146,0.026906436,0.025749374
4.82,0.442819863,0.439908593,0.437197823,0.028269561,0.026996406,0.0258353
4.83,0.442116144,0.439205176,0.4364948,0.02836399,0.02708639,0.025921239
4.84,0.441415048,0.438504381,0.435794398,0.028458433,0.027176388,0.026007192
4.85,0.44071656,0.437806193,0.435096602,0.028552891,0.0272664,0.026093157
4.86,0.440020666,0.437110599,0.434401397,0.028647364,0.027356425,0.026179135
4.87,0.439327352,0.436417583,0.433708771,0.02874185,0.027446464,0.026265127
4.88,0.438636604,0.435727132,0.433018708,0.028836351,0.027536516,0.026351131
4.89,0.437948407,0.435039232,0.432331194,0.028930866,0.027626582,0.026437147
4.9,0.437262748,0.434353869,0.431646215,0.029025395,0.02771666,0.026523177
4.91,0.436579613,0.433671028,0.430963758,0.029119938,0.027806753,0.026609219
4.92,0.435898987,0.432990696,0.430283809,0.029214495,0.027896858,0.026695273
4.93,0.435220858,0.43231286,0.429606354,0.029309065,0.027986976,0.02678134
4.94,0.434545211,0.431637505,0.42893138,0.029403649,0.028077107,0.026867419
4.95,0.433872034,0.430964619,0.428258872,0.029498247,0.028167251,0.02695351
4.96,0.433201312,0.430294188,0.427588819,0.029592858,0.028257408,0.027039614
4.97,0.432533033,0.429626198,0.426921206,0.029687482,0.028347578,0.02712573
4.98,0.431867184,0.428960637,0.42625602,0.02978212,0.02843776,0.027211857
4.99,0.43120375,0.428297491,0.425593248,0.029876771,0.028527955,0.027297997
5,0.43054272,0.427636747,0.424932877,0.029971436,0.028618163,0.027384149
